ANNEE;REG;A21;NB_UL
2015;93;L;28571
2016;52;G;33649
2015;28;R;5382
2020;27;M;14935
2015;53;L;16079
2014;75;L;32663
2018;75;L;33339
2015;94;C;1608
2014;84;G;85592
2016;93;G;70507
2020;84;F;79322
2014;93;S;22332
2014;52;L;17893
2019;93;J;12007
2017;84;C;32865
2016;53;L;16005
2018;28;J;3595
2017;32;S;16743
2016;76;L;30447
2016;24;G;23947
2019;76;M;46706
2014;24;F;17975
2017;76;G;70111
2016;44;L;20807
2014;52;E;818
2014;24;E;626
2014;28;E;767
2014;32;E;1218
2014;44;E;1636
2014;76;E;1115
2015;75;E;1183
2016;44;E;1759
2016;11;E;1269
2016;24;E;632
2017;11;E;1326
2017;75;E;1109
2018;76;E;1088
2018;28;E;717
2018;84;E;1736
2018;75;E;1154
2018;27;E;704
2018;24;E;645
2019;53;E;609
2019;28;E;689
2019;84;E;1777
2019;76;E;1089
2019;52;E;760
2020;44;E;1626
2020;53;E;620
2020;76;E;1073
2020;32;E;1142
2020;11;E;1542
2020;27;E;736
2021;28;E;727
2021;53;E;631
2021;32;E;1191
2021;76;E;1162
2021;24;F;20066
2017;53;G;30253
2015;76;N;16186
2015;93;M;41530
2018;53;M;18633
2014;76;C;20654
2014;44;C;17207
2015;76;M;36428
2014;76;G;68000
2014;84;M;49923
2014;11;M;163529
2018;76;G;72112
2018;75;F;55293
2015;75;C;22451
2016;24;Q;13687
2016;93;I;28216
2015;93;C;18798
2016;84;L;42852
2014;93;F;55038
2018;11;G;129181
2014;75;G;66131
2014;27;L;12038
2015;28;G;30062
2016;52;F;24486
2021;76;F;70009
2015;84;G;86790
2016;53;F;23268
2014;27;M;10943
2014;93;M;39652
2017;75;N;17625
2018;76;I;29097
2014;75;F;52717
2017;52;L;18097
2021;53;N;11786
2014;93;C;18634
2014;28;F;20936
2019;76;F;63740
2019;32;F;32656
2019;27;G;30237
2017;44;M;25894
2015;76;F;58942
2018;84;P;30235
2016;53;Q;24396
2015;84;M;52517
2014;32;M;22754
2020;76;N;23459
2014;32;P;6506
2014;76;S;22810
2015;24;F;17883
2014;52;M;17291
2016;53;M;16142
2014;27;S;9111
2016;27;G;29003
2018;93;J;11055
2014;53;F;23254
2014;76;N;15442
2015;27;G;29030
2020;93;M;55681
2019;75;N;21147
2017;52;M;20536
2015;53;F;23260
2021;24;C;9973
2018;76;F;61557
2014;76;D;3984
2018;52;F;25293
2014;84;Q;54416
2017;84;M;58499
2019;52;G;35306
2019;53;R;7603
2014;76;I;25935
2019;93;R;14488
2018;93;M;48743
2016;93;M;43167
2019;27;I;10322
2014;76;F;58449
2021;27;D;1431
2015;84;S;27672
2021;11;G;144780
2019;44;S;20469
2020;32;G;51406
2020;27;G;30808
2018;52;G;34575
2014;93;G;68873
2016;75;F;52952
2016;32;L;16703
2018;75;G;70194
2015;11;H;38739
2018;27;K;6181
2018;44;G;53848
2015;93;S;22761
2015;53;I;13571
2014;27;F;19393
2021;32;R;9602
2015;93;F;55797
2017;93;G;70428
2017;27;C;10667
2021;75;G;76307
2018;32;I;16596
2018;53;S;11303
2014;52;G;32400
2014;76;P;13384
2019;93;G;74288
2018;84;G;89771
2020;93;S;28976
2021;44;G;58021
2015;11;M;171849
2018;93;C;19923
2017;28;R;5565
2018;76;M;43145
2020;94;C;1932
2014;28;G;29804
2015;75;F;52892
2017;11;M;189031
2018;84;N;26184
2015;75;G;67185
2014;27;C;10586
2018;93;G;72315
2016;52;I;12127
2019;93;C;20830
2014;44;L;21434
2016;84;P;26917
2019;75;F;56830
2019;52;L;19129
2020;11;S;44130
2018;01;N;2993
2016;11;S;35448
2015;44;G;52260
2018;84;M;64735
2016;32;P;7068
2014;11;C;29158
2018;11;S;38587
2020;75;N;23099
2016;11;R;44379
2014;27;N;5332
2014;94;N;1372
2014;11;H;34627
2015;93;R;11568
2020;44;G;55687
2014;84;R;15936
2018;84;C;33743
2016;76;I;27519
2016;76;F;59198
2016;32;C;13901
2014;11;P;28781
2014;75;M;30747
2017;32;D;894
2020;44;Q;39991
2017;93;M;44842
2015;27;I;9735
2017;93;F;56290
2017;93;C;19200
2021;76;M;55999
2014;76;M;34574
2016;27;F;19374
2014;24;G;23260
2021;44;C;20410
2016;11;G;126784
2017;84;F;69608
2017;27;G;29149
2018;93;N;24556
2020;76;G;74679
2020;84;N;31964
2018;75;M;39513
2018;93;F;58111
2017;75;F;53135
2017;28;G;30001
2015;75;I;24042
2017;32;M;25623
2014;27;G;28450
2016;76;P;15072
2014;32;L;16839
2014;75;S;23670
2015;11;L;51652
2017;76;M;39593
2014;11;F;80974
2021;93;M;62317
2015;84;F;68649
2020;28;P;5587
2020;75;G;72595
2017;32;G;47236
2018;24;N;6781
2017;84;P;27523
2016;44;R;8221
2014;84;F;68033
2015;28;F;20974
2015;32;G;47624
2016;11;M;179721
2014;84;S;27380
2017;11;L;53776
2017;44;F;34169
2015;52;G;33351
2019;84;M;70038
2019;11;S;41761
2015;44;S;17790
2015;11;Q;74833
2021;75;R;15493
2015;93;Q;49646
2015;11;P;30741
2019;11;R;49682
2018;32;L;17177
2020;93;N;29550
2016;24;L;10007
2019;84;R;20401
2015;94;F;5483
2018;24;G;24596
2017;52;G;33675
2017;52;J;5016
2014;75;R;11180
2021;76;P;21296
2017;84;I;35704
2019;93;F;60757
2015;11;F;81876
2014;24;C;8468
2015;32;I;16150
2021;53;G;33364
2021;53;L;17848
2020;53;R;7556
2014;24;M;10017
2016;27;D;970
2021;11;P;49859
2014;53;G;29768
2019;93;P;18382
2021;75;M;52099
2014;93;I;26623
2021;76;C;27676
2016;84;G;87617
2020;76;F;65946
2017;75;R;12618
2019;44;N;12278
2020;93;Q;60215
2016;84;N;22655
2015;11;G;126751
2021;11;M;257977
2018;11;P;38772
2021;27;M;16492
2016;28;G;30063
2015;53;M;15490
2015;44;R;7981
2015;76;G;69017
2020;76;I;30775
2020;94;L;2302
2016;75;G;67688
2018;84;L;45531
2016;28;C;9564
2017;76;F;59426
2018;27;F;19889
2019;84;N;29067
2018;75;N;19220
2019;93;M;52511
2019;11;G;132628
2020;44;L;21703
2014;93;H;8375
2016;84;M;55180
2019;44;G;54728
2014;44;S;17598
2021;27;S;12430
2014;76;R;12057
2016;84;F;68944
2015;44;C;17216
2018;32;H;8042
2015;28;N;6764
2021;24;L;10877
2016;76;G;69935
2018;32;G;48595
2014;28;Q;16312
2020;28;C;10981
2019;11;H;68013
2019;28;G;31413
2016;52;Q;23104
2014;84;L;41812
2016;24;I;7929
2014;44;R;7798
2014;53;L;16328
2017;76;R;13275
2020;53;D;1802
2014;76;Q;48608
2014;32;F;30715
2020;75;F;58976
2020;76;P;19287
2021;52;L;20962
2014;52;R;6242
2019;75;R;14299
2018;24;C;8637
2016;76;C;21299
2019;44;K;13557
2016;76;Q;53015
2020;52;F;26988
2017;75;G;67896
2017;84;N;23843
2014;84;P;24464
2017;94;C;1721
2016;75;I;25045
2014;44;D;2222
2017;11;C;29458
2017;75;S;24775
2015;76;C;21042
2018;76;L;31392
2020;84;C;36759
2017;76;I;28015
2020;24;G;25325
2014;84;N;20858
2014;11;G;125341
2021;84;L;51209
2017;11;F;82486
2021;93;S;32886
2016;93;N;21517
2021;11;L;65704
2021;75;Q;57688
2014;93;N;19677
2019;28;M;16456
2017;52;F;24623
2016;44;G;52406
2017;27;I;9912
2017;32;H;7084
2014;11;J;56719
2017;24;F;17724
2020;27;R;5426
2018;28;G;30726
2018;76;R;14145
2015;27;F;19485
2020;24;L;10463
2014;75;P;10395
2021;52;G;37578
2017;53;M;16838
2016;11;F;81905
2018;11;M;208435
2015;28;P;4549
2018;24;M;12016
2015;32;L;16761
2018;52;L;18581
2018;52;S;13071
2020;76;M;49895
2014;75;N;14989
2014;53;P;4939
2019;93;Q;58561
2020;84;L;48536
2019;75;G;71673
2017;11;H;48394
2014;52;F;24741
2021;52;S;17290
2020;84;P;33196
2015;53;G;30236
2020;24;M;13652
2016;84;R;17032
2017;11;S;36156
2016;32;K;11166
2016;76;M;37852
2014;84;C;32077
2015;11;S;35069
2014;52;N;7742
2021;75;F;62791
2015;11;R;43112
2016;84;Q;59454
2017;75;L;32550
2016;75;P;11862
2015;24;R;4198
2014;93;P;14016
2017;76;K;13657
2021;27;F;22264
2020;75;P;15823
2019;76;G;73637
2015;44;Q;33369
2018;27;S;9749
2019;24;J;3304
2021;76;N;26479
2015;44;L;21044
2017;32;F;31188
2014;44;G;51294
2019;76;S;28304
2016;93;S;22972
2016;44;M;25137
2018;32;C;14414
2015;28;M;13331
2016;52;L;17844
2021;84;F;84557
2016;93;Q;51472
2018;76;S;26161
2015;44;M;24481
2021;44;F;40759
2015;32;C;13999
2016;27;C;10639
2014;24;H;2618
2017;28;N;7244
2018;84;F;72534
2020;44;S;21799
2020;75;S;30970
2018;84;I;36877
2015;93;G;69975
2019;32;C;15191
2018;11;I;47510
2021;11;N;62069
2021;24;M;15179
2017;75;Q;47856
2017;44;D;2910
2016;53;G;30383
2021;76;G;78566
2018;44;M;27994
2021;32;M;34966
2015;76;L;30398
2017;28;I;11346
2016;93;J;9616
2018;76;J;10600
2021;24;P;5508
2017;75;C;23197
2018;75;D;4111
2021;84;S;40965
2018;44;E;1725
2021;75;I;29177
2020;84;G;92367
2021;11;R;52584
2021;93;F;67415
2014;44;M;23619
2015;44;P;7857
2018;53;Q;26531
2018;53;R;7236
2018;04;G;7975
2016;11;N;46199
2014;93;Q;47747
2015;75;R;11570
2015;24;I;7882
2019;84;F;75678
2018;75;S;26842
2021;93;C;23590
2016;44;C;17217
2015;27;M;11408
2016;24;F;17699
2017;11;G;126473
2015;93;P;14676
2016;75;S;24282
2020;52;M;26695
2018;53;I;14170
2019;53;M;20389
2021;02;I;1781
2018;93;L;30812
2014;84;D;2434
2021;94;F;6934
2019;32;M;29839
2020;11;N;58136
2016;44;I;17002
2016;75;E;1155
2016;32;G;47527
2018;32;N;10968
2020;28;F;22356
2018;76;P;17502
2014;11;L;50851
2018;52;N;9421
2014;32;G;46919
2020;24;I;8611
2021;28;L;12684
2021;53;M;24950
2019;11;D;3290
2019;44;F;36548
2020;28;L;12004
2019;11;M;225079
2015;84;C;32451
2015;44;F;34565
2018;53;C;12059
2014;75;C;22137
2020;24;C;9264
2019;84;I;38112
2017;75;I;25615
2020;52;L;19782
2017;84;G;87628
2018;53;F;24141
2017;28;M;14280
2014;27;Q;15583
2018;76;D;5857
2020;44;C;18940
2014;28;M;12684
2018;32;S;17756
2015;84;L;42240
2020;11;M;236446
2020;76;Q;62148
2019;44;R;9596
2014;11;S;34199
2021;27;P;6140
2018;75;C;24231
2015;84;Q;56969
2016;75;L;32297
2016;28;N;7017
2019;27;M;14166
2019;84;H;17090
2019;28;P;5481
2018;53;J;4672
2018;75;R;13413
2014;11;R;42818
2015;76;I;26772
2015;24;C;8524
2017;44;I;17106
2015;76;K;12088
2016;93;F;56133
2020;11;G;137392
2021;84;G;96076
2016;02;F;2667
2014;52;Q;20845
2018;84;S;31006
2016;76;R;12790
2016;32;N;9311
2016;76;N;16958
2015;84;P;25915
2018;52;R;7574
2016;93;C;19065
2019;75;M;42921
2014;44;F;34823
2017;93;I;28557
2020;32;F;33973
2020;75;I;28009
2017;93;L;29526
2017;27;F;19292
2015;75;L;32076
2020;93;C;21732
2019;84;L;46877
2018;93;R;13478
2016;11;H;44899
2019;84;S;33691
2020;84;M;74542
2018;11;F;84529
2021;44;I;18535
2019;76;I;30209
2015;24;N;5655
2020;24;D;1104
2017;53;R;6715
2020;28;I;11975
2021;93;N;33680
2015;02;F;2570
2020;44;M;31286
2017;94;S;1591
2020;03;I;658
2016;28;Q;17748
2016;28;S;10400
2020;75;M;45979
2015;52;F;24569
2014;44;I;16350
2015;76;Q;50917
2015;32;M;23700
2020;32;C;16095
2018;75;Q;51129
2015;53;D;1344
2018;32;R;8255
2017;44;P;8455
2017;93;S;23258
2021;76;H;15133
2021;76;I;31802
2018;32;F;32193
2021;93;I;31863
2014;28;P;4322
2015;76;S;23268
2014;24;L;10356
2021;93;G;79346
2020;76;R;15014
2020;11;C;32312
2015;84;N;21925
2019;11;C;31134
2017;52;P;6564
2017;76;L;30718
2020;11;R;49664
2015;52;D;1895
2020;93;L;32919
2014;52;J;4201
2015;24;L;10162
2016;32;S;16417
2019;44;C;18226
2020;93;G;75566
2020;11;L;61774
2017;32;C;13950
2018;27;H;3080
2021;84;M;82835
2014;01;S;838
2016;44;H;5510
2017;84;S;28549
2015;32;R;7124
2019;93;N;27347
2017;93;D;1986
2014;44;N;9092
2021;11;F;98891
2014;93;R;11419
2016;75;Q;45921
2014;32;N;8390
2014;84;I;33955
2020;76;S;29930
2015;52;Q;21937
2016;24;C;8468
2020;93;I;30696
2016;76;S;23445
2021;52;F;28946
2014;11;I;43456
2020;52;P;7995
2017;44;G;52367
2015;53;K;9345
2016;52;M;19381
2016;84;H;11491
2018;76;C;22655
2018;32;M;27854
2019;44;J;6719
2015;52;M;18459
2017;24;G;23894
2019;52;R;8115
2018;76;K;14491
2016;28;F;20840
2021;75;N;26180
2021;27;H;5085
2021;28;F;23711
2019;75;I;27615
2021;28;G;34058
2021;44;L;22496
2015;75;S;24064
2019;27;L;12173
2020;84;I;38785
2019;32;R;8903
2015;93;N;20524
2014;27;D;722
2021;76;S;33519
2014;32;I;15856
2020;84;R;20460
2016;93;H;9154
2021;32;K;15008
2018;53;P;6187
2020;93;F;63075
2016;75;M;33645
2017;76;H;7349
2020;75;C;26737
2016;32;R;7343
2021;28;J;4879
2021;32;G;54901
2018;94;S;1748
2021;11;Q;91728
2018;11;J;70654
2016;11;I;45566
2015;75;M;32203
2016;24;M;10711
2020;52;J;6673
2016;24;S;8368
2017;11;I;46347
2015;24;M;10337
2021;04;M;4996
2018;28;S;11145
2019;53;H;4565
2019;84;G;91115
2015;52;N;7966
2016;01;F;2851
2015;32;F;31127
2019;84;C;35131
2016;27;M;11917
2014;24;N;5407
2019;84;P;32102
2021;84;N;35615
2018;27;D;1198
2017;28;P;4881
2018;76;N;19609
2019;52;P;7808
2018;84;R;18990
2018;75;P;14046
2014;76;L;30745
2015;53;H;3230
2019;24;G;24828
2017;76;C;21578
2017;27;L;11753
2017;84;R;17638
2016;75;H;6724
2019;11;I;49675
2018;11;L;56476
2017;76;S;23973
2014;32;C;13887
2020;93;H;15484
2015;75;P;11267
2016;53;R;6648
2017;11;R;44872
2018;44;C;17617
2016;75;C;22781
2018;11;K;48278
2019;11;P;42031
2015;11;N;44820
2014;93;J;9001
2021;32;Q;42756
2014;24;R;4058
2020;28;N;8993
2019;52;N;10475
2014;27;I;9517
2017;75;H;7153
2021;28;M;19530
2016;84;I;35595
2015;76;R;12329
2021;53;S;14792
2017;76;N;17847
2018;76;Q;58322
2020;53;F;25476
2015;24;G;23767
2020;24;S;10157
2020;27;P;5586
2021;84;I;39867
2018;27;G;29756
2021;93;P;21031
2016;93;P;15360
2021;75;C;29243
2016;53;S;10374
2017;28;F;20789
2015;53;P;5265
2016;84;D;3048
2016;84;C;32613
2019;93;I;30340
2015;76;H;6429
2016;28;D;715
2020;53;M;22002
2017;93;N;22472
2015;52;L;17677
2019;53;P;6547
2018;84;K;23527
2014;32;K;10063
2018;53;G;31019
2020;11;P;44163
2016;32;I;16310
2018;24;F;18125
2019;53;F;24814
2016;27;Q;16782
2014;28;I;10778
2021;24;N;8969
2020;32;R;8620
2016;44;F;34426
2018;28;F;21097
2014;04;F;4783
2014;94;G;4956
2021;03;F;1488
2019;52;M;24780
2021;75;S;35157
2020;04;G;9018
2019;11;L;59065
2017;44;C;17221
2018;44;H;7002
2020;76;C;25120
2018;28;N;7711
2016;27;H;2733
2016;27;N;5771
2014;28;N;6384
2019;44;M;29698
2018;32;P;8093
2014;32;S;16262
2015;11;C;29384
2015;11;K;41402
2014;27;R;4707
2019;75;S;29093
2019;75;P;15182
2020;84;D;4067
2017;53;N;7967
2017;11;N;47862
2014;11;Q;72375
2021;75;J;12729
2019;24;F;18534
2020;76;L;32703
2014;75;Q;41869
2021;93;Q;62148
2019;24;S;9559
2018;44;N;11283
2019;52;S;14350
2019;32;N;12083
2017;11;P;34627
2021;28;N;10071
2019;76;N;21527
2019;84;K;24867
2014;52;I;11662
2021;32;N;14730
2020;52;D;2835
2020;32;I;17182
2014;28;C;9577
2016;94;F;5540
2019;93;H;13718
2016;32;M;24563
2016;52;S;12086
2016;52;C;12293
2019;76;R;15050
2015;32;S;16562
2014;04;M;2871
2017;53;L;16086
2016;24;N;5962
2018;27;N;6481
2018;53;K;11415
2020;02;K;886
2014;53;C;10962
2021;52;C;15618
2021;04;I;3546
2018;52;I;12588
2020;28;H;5445
2020;52;C;14298
2016;93;L;28973
2021;44;N;15411
2015;76;J;8777
2019;24;P;4778
2016;28;M;13692
2019;76;C;23813
2017;52;H;3639
2018;01;F;2781
2017;84;Q;61549
2019;27;N;6963
2015;24;D;711
2017;04;N;3143
2017;53;F;23428
2021;52;D;3013
2017;32;I;16355
2019;52;D;2711
2017;76;P;15791
2019;44;I;17716
2016;27;J;2428
2015;52;I;11902
2017;44;N;10361
2018;28;Q;19239
2017;24;N;6222
2019;27;J;2965
2020;75;D;4370
2018;84;Q;65714
2015;84;R;16368
2017;24;M;11153
2021;84;R;22208
2016;84;S;27970
2016;28;R;5511
2016;44;S;17882
2020;75;R;14164
2015;52;C;12212
2020;76;J;12487
2017;84;L;43804
2015;75;Q;43961
2017;94;G;5218
2014;75;I;23248
2014;04;G;7372
2014;52;K;9314
2017;93;Q;53164
2020;53;S;13130
2019;53;G;31619
2017;28;L;11448
2016;11;D;2651
2015;52;J;4496
2014;94;S;1394
2017;44;R;8514
2016;27;L;11678
2015;76;D;4639
2021;84;H;23156
2021;84;P;35362
2017;28;H;3632
2017;75;M;35530
2017;53;C;11500
2016;84;J;12827
2015;75;D;3222
2021;27;R;5912
2019;11;N;54411
2019;76;P;18646
2021;32;I;17797
2017;44;J;5774
2021;27;N;8508
2018;28;M;15457
2015;44;N;9478
2020;32;P;8884
2021;44;M;34230
2021;53;I;15273
2016;76;H;6709
2019;24;M;12732
2021;11;J;89304
2021;93;R;15867
2021;24;G;26648
2015;93;I;27618
2015;52;S;11897
2016;94;G;5189
2016;04;M;3268
2019;93;S;27307
2019;28;I;11889
2015;44;I;16721
2021;52;I;13406
2014;32;Q;32975
2016;11;J;61876
2021;75;H;14089
2018;44;R;9109
2015;27;D;877
2021;28;R;6732
2015;04;C;2578
2014;76;J;8408
2018;32;D;1057
2019;52;F;26142
2018;75;I;26710
2020;75;L;34824
2016;11;P;32820
2020;32;N;13016
2019;11;J;76439
2021;28;S;14162
2014;24;S;8144
2018;94;I;3850
2017;52;Q;24091
2021;11;S;49837
2015;76;P;14303
2017;27;M;12430
2021;24;R;5371
2015;28;S;10442
2015;53;S;10372
2019;53;C;12727
2019;28;F;21674
2019;53;Q;27817
2020;44;I;17920
2021;11;H;89570
2021;27;C;12691
2014;27;P;4087
2021;32;C;17586
2020;11;J;81919
2016;75;N;16654
2015;27;Q;16164
2017;52;R;7199
2016;52;N;8283
2014;84;H;10225
2017;32;N;9891
2021;76;L;34488
2014;53;S;10204
2016;27;R;4863
2020;44;N;13497
2018;28;L;11704
2021;75;L;36488
2015;75;N;15817
2018;44;L;21198
2019;84;Q;68149
2019;75;J;9842
2016;75;D;3561
2020;11;D;3589
2018;52;Q;25462
2018;52;M;22644
2014;93;L;28092
2021;52;M;29968
2018;11;N;51285
2016;32;F;30994
2018;93;I;29365
2018;27;M;13374
2018;11;C;30110
2019;28;N;8346
2018;27;Q;18148
2019;44;L;21359
2017;53;S;10566
2019;11;F;88838
2017;75;K;16034
2021;53;K;14423
2019;04;F;5489
2021;44;R;10163
2021;44;P;11724
2017;75;P;12490
2018;04;C;2672
2015;28;L;11426
2021;76;R;16336
2017;93;R;12528
2018;84;H;14320
2020;52;S;15259
2014;75;J;7052
2019;44;P;10074
2018;93;Q;56469
2016;53;I;13780
2019;24;I;8465
2017;93;P;15774
2014;28;H;3453
2018;28;C;9917
2016;93;E;701
2020;53;G;31791
2020;84;J;17847
2020;11;F;93000
2021;32;S;22481
2017;27;P;4732
2015;93;H;8663
2018;93;S;25077
2016;04;S;1751
2016;01;L;1290
2014;44;P;7386
2020;76;H;12226
2015;84;I;34884
2019;53;S;12307
2021;11;I;52115
2014;75;H;6223
2017;28;S;10585
2020;44;R;9324
2015;94;G;5072
2015;94;M;2120
2021;94;G;5687
2014;24;I;7728
2019;28;L;11861
2014;28;S;10382
2018;24;I;8271
2015;01;F;2754
2016;44;N;9922
2018;24;Q;14786
2021;52;J;7797
2020;53;C;13394
2019;32;I;17006
2015;04;G;7642
2016;27;S;9077
2014;94;F;5289
2015;02;M;1718
2015;53;C;11158
2018;94;Q;3523
2016;53;P;5408
2015;32;N;8916
2019;27;F;20381
2014;53;N;7033
2019;53;J;5178
2021;27;L;12904
2020;44;F;38100
2018;02;C;1350
2016;32;H;6627
2017;27;N;5928
2014;53;Q;22421
2020;01;G;4655
2020;84;Q;70229
2021;75;D;4671
2019;52;C;13575
2019;27;R;5595
2019;84;J;16329
2020;28;G;32154
2020;94;F;6487
2021;84;C;39647
2021;53;C;14681
2015;27;C;10669
2016;04;C;2611
2017;24;C;8503
2015;52;P;5934
2019;76;L;31986
2021;03;C;729
2020;52;G;35890
2017;76;Q;54875
2019;24;H;3760
2017;24;E;632
2019;94;C;1906
2016;94;R;655
2018;24;P;4537
2020;11;H;78632
2018;44;F;35238
2021;28;C;11992
2019;28;Q;19917
2017;53;H;3514
2016;01;G;4433
2017;24;Q;14165
2018;93;P;17252
2020;93;P;18985
2018;53;L;16321
2021;27;G;32136
2014;94;M;2000
2017;53;P;5667
2018;11;Q;84638
2017;32;R;7724
2017;53;Q;25220
2019;76;Q;60484
2019;44;E;1607
2014;75;D;2771
2015;04;R;749
2015;27;P;4343
2017;11;Q;79869
2014;27;H;2714
2018;11;R;47019
2017;52;C;12459
2018;53;H;4073
2014;93;D;1596
2014;53;J;3656
2014;53;I;13260
2019;32;G;49941
2019;52;H;4932
2020;24;N;7972
2014;76;H;6237
2020;28;Q;20582
2018;84;J;15010
2018;04;H;1487
2016;11;Q;77522
2018;28;P;5249
2015;94;I;3502
2019;53;L;16572
2016;28;J;3050
2020;53;N;10452
2015;75;H;6388
2017;84;H;12398
2014;52;H;3177
2016;27;P;4485
2014;52;P;5546
2015;84;H;10626
2015;52;K;10176
2017;44;S;18076
2020;84;S;35868
2014;44;Q;31879
2015;24;P;3779
2019;94;F;6268
2020;75;Q;55364
2015;27;S;9125
2016;44;Q;34666
2014;24;J;2552
2019;32;P;8636
2015;28;H;3503
2021;93;J;14796
2018;27;C;10968
2018;27;L;11936
2018;53;N;8782
2020;24;F;19059
2017;75;D;3867
2019;44;D;3199
2014;32;H;6056
2016;32;J;5825
2014;52;C;12046
2016;11;C;29421
2021;03;P;372
2015;84;D;2878
2018;32;J;6843
2019;27;C;11324
2018;94;L;2209
2020;32;S;20203
2018;44;P;9398
2018;44;Q;37538
2018;44;S;19239
2019;52;I;12940
2020;84;H;19216
2021;52;N;12951
2014;24;Q;12769
2014;93;E;668
2014;01;C;1591
2014;52;D;1559
2019;11;Q;87554
2014;28;D;569
2020;24;R;4872
2019;93;L;31816
2016;93;R;11883
2014;53;R;6437
2021;11;C;34171
2017;04;Q;6809
2021;84;Q;72697
2021;44;H;11693
2020;27;I;10422
2015;94;N;1470
2016;75;R;12083
2020;27;S;10997
2019;75;C;25377
2021;53;R;8370
2015;44;D;2517
2016;27;I;9793
2017;02;I;1386
2014;01;G;4330
2021;44;S;24274
2014;02;I;1161
2014;01;Q;2247
2015;84;K;20782
2015;53;Q;23388
2020;94;M;2965
2018;94;G;5340
2017;53;I;13915
2017;44;Q;35803
2020;52;R;8149
2019;75;K;19090
2017;32;P;7381
2020;52;N;11423
2020;44;P;10565
2014;52;S;11710
2018;04;I;2529
2017;27;Q;17287
2020;53;L;17012
2015;24;Q;13292
2015;52;R;6584
2018;52;C;12957
2014;03;F;1189
2015;32;H;6256
2021;52;P;8902
2014;32;R;6977
2018;11;D;3211
2020;53;I;14699
2021;32;P;9909
2017;24;H;2784
2016;94;C;1671
2016;53;N;7638
2016;53;C;11291
2018;52;P;7308
2017;27;S;9104
2015;52;H;3238
2017;28;Q;18299
2015;27;J;2393
2019;44;Q;38861
2020;93;R;14661
2014;24;D;581
2020;52;Q;27604
2016;32;Q;35931
2014;53;M;14639
2020;94;G;5376
2018;24;H;3248
2019;94;G;5327
2020;28;D;1031
2018;44;I;17355
2017;53;J;4239
2017;84;J;13531
2016;24;P;3948
2020;27;F;20992
2015;94;S;1497
2019;84;D;3910
2017;04;F;5250
2017;24;P;4099
2015;27;N;5583
2015;28;I;11082
2017;03;P;218
2017;28;C;9630
2015;24;S;8251
2020;27;C;11746
2019;28;S;12056
2018;52;H;4186
2020;53;J;5672
2021;24;Q;16166
2020;32;M;31528
2015;28;Q;17096
2017;44;L;20836
2021;01;F;3453
2018;11;H;56968
2019;32;L;17466
2016;52;J;4732
2019;03;F;1273
2014;94;P;528
2016;28;I;11212
2021;03;M;1054
2019;28;R;6155
2020;03;G;1635
2014;44;H;5254
2021;53;P;7446
2014;84;E;1686
2019;75;Q;53529
2014;28;L;11647
2019;04;G;8204
2020;28;R;6123
2020;11;Q;89377
2019;24;N;7338
2021;76;J;14345
2016;44;P;8148
2015;44;J;5456
2018;27;I;10113
2019;76;D;6297
2021;28;D;1165
2021;76;K;18028
2015;27;K;5589
2021;01;M;2722
2018;24;S;9057
2021;52;Q;28584
2015;32;P;6826
2017;52;S;12237
2021;28;Q;21418
2018;11;E;1370
2014;75;K;12782
2018;04;R;882
2020;93;D;2395
2021;53;J;6602
2015;02;N;10797
2021;32;H;14108
2017;32;Q;37160
2020;32;L;17976
2016;02;M;1796
2017;24;L;9978
2019;94;I;4067
2021;75;P;17804
2014;11;N;43273
2021;11;E;1697
2019;32;Q;40300
2015;11;J;59249
2016;28;L;11404
2016;03;F;1318
2021;04;G;9954
2020;28;M;17472
2016;53;H;3358
2017;84;D;3353
2015;04;I;2227
2021;32;F;36015
2019;27;Q;18694
2017;24;R;4422
2015;28;D;659
2016;94;N;1532
2016;28;P;4697
2021;28;I;12411
2016;24;R;4314
2015;52;E;792
2015;93;D;1750
2021;93;H;19084
2019;94;N;2090
2018;28;I;11556
2017;11;J;64876
2017;44;H;5877
2018;27;R;5303
2019;32;S;19089
2015;32;J;5737
2015;27;R;4722
2020;01;N;3654
2018;24;L;10067
2017;01;N;2540
2017;24;S;8483
2016;11;L;52676
2014;94;C;1516
2017;32;J;6065
2021;04;F;6606
2019;75;L;34097
2019;53;N;9700
2017;24;I;8025
2014;28;R;5277
2021;52;R;8845
2016;94;P;593
2021;84;D;4464
2015;02;G;3668
2017;76;J;9519
2018;93;E;712
2019;28;J;3867
2017;28;J;3266
2019;52;Q;26696
2016;52;D;2099
2014;04;Q;5841
2014;24;K;4593
2015;11;I;44473
2021;32;J;9588
2020;04;F;5901
2019;24;D;1029
2017;52;K;11329
2020;04;C;3012
2021;94;I;4492
2019;27;H;3590
2014;93;K;11855
2018;27;P;5223
2018;93;H;11579
2021;53;Q;29909
2020;27;N;7494
2019;11;K;51515
2021;28;P;6087
2021;84;J;20316
2018;75;K;17237
2014;44;K;10576
2016;75;J;7759
2018;84;D;3699
2021;52;H;7341
2016;76;D;4976
2017;27;D;1063
2019;75;D;4199
2016;28;H;3566
2019;76;H;10964
2018;75;J;9149
2020;28;S;12785
2021;93;L;35224
2016;24;J;2721
2019;53;I;14614
2016;04;G;7925
2021;24;S;11266
2016;03;C;595
2019;04;Q;7746
2019;27;S;10385
2020;32;Q;41362
2015;32;K;10768
2016;94;K;799
2014;32;J;5499
2015;44;E;1765
2020;53;Q;28777
2020;52;I;13100
2019;75;H;10169
2019;24;K;5724
2014;28;K;5911
2019;24;Q;15219
2021;27;J;3723
2019;94;S;1831
2016;04;F;5199
2021;01;Q;3430
2019;24;C;8956
2018;24;J;3048
2020;75;J;10990
2014;24;P;3592
2019;04;C;2774
2020;04;P;1891
2017;52;I;12365
2018;01;C;1678
2021;75;K;22665
2021;24;K;6593
2021;27;I;10696
2014;04;J;735
2014;84;K;19559
2015;84;E;1682
2019;93;E;750
2018;32;Q;39046
2014;11;D;2310
2017;44;E;1710
2015;32;Q;34548
2014;27;J;2336
2017;94;L;2124
2017;27;H;2805
2021;04;N;4322
2017;94;I;3651
2020;28;J;4226
2016;01;J;467
2016;02;C;1416
2015;27;L;11772
2020;01;F;3138
2019;01;I;1886
2016;76;J;9177
2019;94;P;714
2020;94;R;785
2020;04;Q;8136
2018;93;D;2111
2019;24;L;10205
2021;24;I;8841
2016;44;D;2722
2018;94;N;1847
2017;04;M;3384
2016;01;Q;2494
2017;44;K;12346
2019;01;M;2067
2017;04;S;1761
2015;75;K;13953
2021;44;J;8459
2017;32;L;16765
2017;52;D;2273
2019;76;K;15415
2014;84;J;11815
2015;53;N;7309
2020;44;K;14341
2015;53;R;6455
2015;28;E;760
2019;28;H;5002
2014;02;M;1628
2015;04;P;1515
2015;01;M;1790
2014;53;D;1163
2015;01;G;4404
2020;53;H;4774
2020;27;J;3218
2020;24;J;3691
2015;93;J;9323
2018;94;M;2598
2019;27;P;5487
2020;11;K;55169
2019;94;M;2820
2014;04;C;2466
2021;94;L;2457
2020;03;C;652
2016;75;K;14958
2015;28;C;9595
2015;04;F;5007
2018;94;F;5915
2018;52;D;2537
2018;28;H;4316
2018;04;Q;7305
2015;03;M;653
2021;94;C;2207
2021;76;Q;64659
2016;94;I;3599
2017;84;K;22195
2016;94;M;2261
2018;04;F;5313
2017;94;N;1600
2020;75;H;11224
2020;04;M;4193
2018;94;C;1798
2019;52;J;6025
2019;94;Q;3678
2021;53;F;26950
2020;93;J;13119
2017;94;P;609
2020;94;I;4173
2020;02;F;2684
2021;93;E;861
2018;28;R;5816
2017;93;H;9852
2015;94;R;600
2021;27;Q;19542
2018;76;H;9025
2017;02;R;334
2020;02;I;1628
2021;04;P;2420
2020;04;I;3080
2019;93;K;16910
2016;11;K;43341
2016;53;K;10162
2017;94;Q;3265
2021;01;I;2418
2020;03;N;1103
2016;52;P;6232
2016;02;R;327
2020;84;K;26396
2021;44;K;15549
2017;32;E;1184
2020;02;G;3782
2021;02;G;4079
2021;27;K;7395
2014;04;R;725
2020;24;P;4960
2020;01;S;1062
2018;44;J;6224
2017;27;R;5064
2016;94;S;1592
2015;04;M;3026
2017;52;E;752
2017;93;J;9987
2019;76;J;11480
2020;93;E;788
2016;04;I;2407
2021;02;S;1277
2016;03;Q;724
2017;76;D;5389
2017;01;R;341
2016;04;Q;6523
2019;28;C;10438
2017;01;P;820
2016;93;K;13701
2021;53;D;1940
2016;24;H;2738
2021;44;Q;41386
2017;52;N;8684
2018;02;G;3528
2017;11;K;45529
2015;04;Q;6171
2019;53;K;12388
2020;24;Q;15630
2021;02;M;2451
2020;53;P;6665
2020;02;M;2061
2020;44;J;7366
2017;24;J;2803
2019;32;H;9632
2015;02;P;574
2019;44;H;8118
2019;04;N;3416
2020;52;H;5678
2020;53;K;13261
2016;94;L;2059
2014;94;I;3371
2019;04;S;1995
2014;11;K;38719
2017;01;I;1675
2016;52;H;3428
2021;04;S;2956
2021;32;D;1313
2020;32;H;11082
2021;93;D;2614
2017;75;J;8131
2020;11;I;50941
2014;02;P;562
2017;53;D;1637
2018;93;K;15730
2020;27;Q;18988
2020;75;E;1195
2015;93;K;12818
2016;44;J;5571
2018;01;G;4174
2018;27;J;2726
2014;76;K;11160
2021;01;G;5075
2015;02;S;896
2014;04;I;2097
2018;04;N;3456
2020;44;D;3335
2015;94;L;2013
2021;02;N;15582
2016;24;D;812
2014;02;G;3528
2020;01;M;2260
2016;52;R;6910
2019;01;G;4276
2017;04;G;7814
2021;04;R;1310
2015;24;H;2686
2016;76;K;12837
2018;04;L;2093
2019;32;J;7585
2017;02;G;3641
2020;04;S;2327
2017;94;F;5693
2020;27;L;12466
2020;94;N;2250
2018;28;K;7624
2017;04;P;1630
2016;94;Q;3048
2021;32;L;18932
2014;44;J;5392
2020;03;S;295
2020;93;K;18167
2019;32;K;12973
2021;02;J;611
2020;52;K;13483
2021;94;S;2192
2017;27;K;5897
2021;94;Q;3965
2021;24;J;4191
2018;24;K;5480
2014;32;D;598
2020;75;K;20666
2015;84;J;12329
2020;28;K;9052
2016;53;J;4065
2014;01;R;352
2018;53;D;1721
2020;27;K;6862
2016;84;K;21531
2018;04;P;1621
2017;28;E;741
2021;24;H;5249
2018;03;I;572
2021;52;K;14370
2019;28;K;8359
2021;24;D;1217
2020;32;J;8354
2021;94;N;2602
2014;01;P;810
2015;94;Q;2912
2017;04;C;2624
2015;24;K;4874
2018;44;K;12966
2019;27;D;1264
2015;04;N;2730
2018;75;H;8832
2015;01;P;824
2018;01;I;1722
2016;44;K;11683
2014;28;J;2834
2015;75;J;7474
2020;27;H;4108
2018;02;S;913
2014;04;P;1446
2019;32;E;1120
2015;32;D;705
2020;94;S;1971
2018;94;P;657
2021;28;K;9894
2020;02;N;13493
2018;02;N;12759
2015;02;Q;2527
2016;24;K;5091
2021;01;K;711
2014;04;S;1608
2019;02;H;1196
2018;02;Q;2917
2021;02;F;2891
2017;01;L;1341
2019;02;C;1422
2014;03;Q;605
2015;01;N;2272
2020;44;H;9115
2019;03;I;614
2016;28;K;6741
2016;02;I;1359
2021;94;H;823
2015;01;C;1672
2014;03;I;497
2021;53;H;5571
2016;04;R;787
2018;94;K;954
2018;02;I;1386
2015;11;D;2543
2014;53;H;3207
2021;04;C;3311
2018;02;H;1179
2018;52;J;5432
2020;04;J;985
2021;03;G;1775
2019;24;R;4883
2021;01;H;1160
2016;02;G;3764
2021;02;L;1415
2018;52;K;11801
2016;52;K;10820
2018;04;S;1889
2014;11;E;1214
2017;94;M;2372
2021;76;D;7488
2019;32;D;1155
2017;94;R;702
2014;94;Q;2800
2015;94;P;557
2018;04;M;3606
2016;02;P;608
2020;01;Q;3202
2016;01;R;353
2015;02;L;1039
2016;01;I;1665
2015;24;J;2634
2015;53;J;3856
2021;02;C;1606
2017;04;H;1459
2018;94;J;489
2020;01;I;2180
2017;02;F;2645
2017;27;J;2488
2020;76;D;6956
2018;02;P;613
2015;02;I;1253
2015;28;J;2945
2016;01;S;940
2018;24;R;4649
2021;04;Q;8719
2017;32;K;11638
2019;04;P;1622
2021;24;E;656
2019;04;R;954
2020;76;K;16370
2018;32;K;12214
2015;02;R;318
2017;28;K;7157
2021;04;H;2148
2017;03;I;567
2015;44;H;5310
2019;04;H;1501
2020;24;E;653
2021;01;N;4059
2015;03;B;92
2019;02;Q;3029
2016;03;G;1594
2019;04;J;875
2019;04;M;3791
2014;02;Q;2432
2020;24;K;6108
2017;93;K;14686
2019;02;S;986
2021;28;H;6578
2021;94;M;3332
2017;04;L;2063
2015;01;I;1513
2021;11;K;60067
2021;03;N;1124
2021;84;E;1895
2019;02;G;3640
2020;04;R;1106
2021;94;P;824
2021;03;Q;931
2016;04;N;3099
2015;01;Q;2404
2014;04;H;1351
2018;02;F;2484
2020;04;N;3856
2018;02;M;1885
2019;94;R;796
2014;01;I;1385
2016;01;M;1881
2020;01;C;1905
2015;03;G;1572
2016;27;K;5720
2020;03;M;888
2019;01;F;2879
2021;01;P;1100
2015;76;E;1102
2017;93;E;697
2015;94;H;623
2014;27;K;5291
2020;94;P;717
2021;01;S;1380
2015;28;K;6355
2017;04;J;844
2014;52;B;223
2016;01;P;833
2016;01;N;2436
2019;01;S;894
2020;01;H;1085
2019;01;Q;3030
2019;94;K;1065
2020;04;H;1641
2014;03;S;222
2016;04;P;1609
2018;03;Q;811
2019;28;D;999
2014;75;E;1220
2021;02;P;781
2021;84;K;28325
2019;02;N;12418
2021;27;E;796
2016;03;I;593
2019;01;N;3417
2014;03;G;1495
2020;32;K;13876
2020;02;J;508
2018;01;S;869
2015;32;E;1296
2015;53;E;584
2020;24;H;4311
2021;01;C;2089
2020;02;C;1465
2021;04;L;2456
2019;04;I;2759
2014;94;D;66
2019;27;K;6513
2021;01;R;529
2017;04;I;2429
2020;52;E;773
2014;03;M;622
2019;94;H;734
2016;02;S;936
2014;02;S;837
2017;01;Q;2570
2018;04;J;888
2018;75;B;211
2020;94;Q;3775
2020;02;S;1042
2019;03;C;603
2017;02;S;933
2017;53;E;581
2020;32;D;1222
2016;04;K;1091
2018;02;R;332
2014;94;K;599
2021;04;K;1565
2017;02;M;1853
2021;93;K;19944
2019;02;P;607
2015;44;K;11217
2019;52;K;12665
2016;04;H;1444
2017;03;N;824
2018;02;J;466
2019;01;P;797
2021;94;R;870
2019;02;M;1926
2020;01;K;647
2019;01;C;1740
2020;04;L;2320
2017;04;R;823
2021;11;D;3817
2017;06;G;363
2017;84;E;1690
2014;02;C;1332
2020;03;P;246
2017;04;K;1139
2020;02;H;1233
2017;24;D;866
2014;01;N;1906
2019;44;B;155
2020;94;H;757
2017;53;K;10776
2014;02;K;612
2017;01;K;549
2015;01;L;1130
2014;04;L;1773
2014;53;K;8483
2016;01;K;535
2016;03;M;696
2014;01;H;945
2017;94;H;648
2014;02;N;10059
2017;02;Q;2697
2014;53;E;587
2014;02;F;2390
2014;03;P;184
2014;94;L;1977
2014;01;F;2720
2014;04;N;3073
2014;01;M;1706
2014;01;K;483
2014;02;R;328
2014;02;H;1157
2014;03;C;548
2014;02;J;404
2014;27;E;696
2014;03;K;136
2014;04;K;916
2014;03;N;595
2014;84;B;239
2014;01;E;81
2014;01;L;1100
2014;94;R;535
2014;03;H;360
2014;03;J;121
2014;94;H;608
2014;03;E;30
2014;94;E;68
2014;94;J;402
2014;76;B;225
2014;27;B;122
2017;24;K;5190
2014;11;B;234
2014;02;L;1194
2014;03;R;120
2014;01;J;436
2014;03;L;304
2014;01;D;208
2015;01;S;876
2015;32;B;83
2021;94;K;1371
2019;75;E;1183
2014;04;E;108
2014;75;B;211
2015;02;C;1384
2016;94;H;636
2014;44;B;170
2014;04;D;1453
2014;02;E;63
2017;01;C;1712
2015;03;C;591
2018;02;L;1161
2015;27;H;2740
2015;04;K;1025
2015;01;K;498
2015;03;Q;659
2015;03;F;1301
2015;04;L;1930
2015;04;S;1686
2015;03;S;240
2015;93;E;709
2015;01;J;462
2015;04;J;784
2015;11;E;1235
2015;94;K;691
2015;01;H;989
2015;03;I;559
2015;27;E;675
2015;02;K;666
2015;02;H;1194
2015;76;B;224
2015;94;E;69
2017;01;M;1971
2015;04;E;118
2015;01;R;339
2015;24;E;628
2015;94;J;423
2015;27;B;124
2015;04;H;1380
2017;02;N;12019
2015;03;R;108
2015;03;N;571
2015;03;P;222
2015;52;B;222
2015;03;L;355
2015;02;B;17
2015;03;H;392
2015;02;E;65
2015;01;E;92
2015;03;K;151
2015;02;J;424
2020;02;E;64
2015;94;D;69
2015;75;B;213
2016;02;H;1218
2015;11;B;228
2017;06;I;121
2015;03;E;37
2015;03;J;133
2021;44;D;3559
2021;11;B;153
2017;01;J;487
2015;04;D;1454
2021;02;Q;3406
2015;28;B;63
2016;01;C;1710
2016;04;L;1997
2016;93;D;1797
2016;02;N;11509
2016;52;E;749
2016;03;L;383
2016;28;E;761
2016;02;K;695
2016;01;H;1007
2016;27;E;649
2016;04;J;824
2016;32;E;1383
2016;94;E;69
2016;94;J;421
2016;76;E;1080
2016;02;L;1065
2016;02;Q;2596
2016;01;B;10
2016;03;S;249
2016;53;E;582
2016;53;D;1526
2016;03;N;820
2016;84;E;1693
2016;03;P;211
2016;52;B;206
2016;02;J;443
2016;28;B;62
2016;03;H;410
2016;03;K;171
2016;04;E;125
2016;01;D;214
2016;32;D;806
2016;75;B;207
2016;01;E;90
2016;03;B;97
2016;03;E;40
2017;01;G;4310
2017;02;C;1411
2016;03;J;142
2017;76;B;214
2016;03;R;110
2016;02;E;64
2017;06;L;43
2017;01;S;896
2017;28;D;821
2017;03;C;590
2017;02;P;619
2017;94;K;883
2017;03;M;711
2017;02;L;1108
2017;04;E;134
2017;01;F;2837
2017;03;F;1285
2017;27;E;678
2017;02;K;713
2017;02;H;1210
2017;94;J;458
2017;01;H;975
2017;11;D;3080
2017;84;B;222
2017;03;Q;733
2017;03;G;1558
2017;03;E;43
2017;03;S;235
2017;06;F;235
2017;06;R;18
2017;76;E;1068
2017;24;B;54
2017;03;K;186
2017;94;D;90
2017;06;Q;177
2017;06;J;40
2017;06;P;55
2017;02;J;459
2017;03;J;131
2017;01;D;224
2017;03;H;391
2017;32;B;77
2017;06;M;156
2017;03;B;104
2017;94;E;72
2017;03;L;397
2018;01;Q;2778
2018;03;S;247
2017;04;D;1384
2017;04;B;24
2017;03;D;52
2017;11;B;215
2017;02;E;60
2017;02;D;131
2018;06;Q;202
2017;52;B;228
2017;28;B;61
2019;02;J;497
2017;06;N;99
2018;03;P;215
2019;03;Q;833
2018;01;D;261
2018;03;G;1583
2018;94;R;740
2018;32;E;1137
2018;52;E;738
2018;04;K;1204
2018;03;K;204
2018;01;P;824
2018;06;S;40
2018;03;R;101
2018;03;M;771
2018;03;N;858
2018;03;F;1221
2018;03;H;395
2018;06;G;434
2018;01;M;2039
2018;28;D;900
2018;03;C;596
2018;44;D;3079
2018;94;H;697
2018;01;E;s
2018;94;B;16
2018;53;E;593
2018;01;J;491
2018;01;L;1364
2018;01;H;948
2018;03;B;99
2018;06;H;209
2018;06;I;147
2018;02;K;723
2018;06;N;106
2018;94;D;106
2018;24;D;962
2018;06;M;181
2018;04;E;138
2018;01;K;579
2018;04;B;20
2018;01;R;375
2018;06;F;314
2018;03;L;406
2018;94;E;79
2018;52;B;227
2018;04;D;1264
2018;84;B;219
2018;06;R;20
2018;11;B;184
2018;76;B;213
2019;02;I;1543
2018;02;E;53
2018;06;J;44
2019;03;H;423
2018;03;J;142
2018;02;D;142
2018;06;L;48
2018;93;B;92
2018;03;D;57
2019;11;E;1443
2018;06;K;31
2018;53;B;71
2020;94;K;1197
2019;02;F;2578
2019;04;L;2175
2019;03;R;120
2019;06;G;421
2019;94;E;84
2019;01;H;1002
2019;02;R;394
2019;01;R;420
2020;03;F;1314
2019;03;M;806
2019;52;B;265
2019;11;B;164
2019;04;K;1270
2020;04;K;1401
2019;93;D;2251
2019;24;E;651
2019;03;G;1593
2019;03;J;152
2019;03;N;1016
2019;06;C;129
2019;06;F;274
2019;94;L;2272
2019;76;B;210
2019;01;J;498
2019;03;S;270
2019;04;E;142
2019;02;L;1205
2019;03;B;100
2019;53;D;1806
2019;27;E;714
2019;06;N;130
2019;02;K;819
2019;06;J;49
2019;03;L;426
2019;06;S;36
2019;01;L;1558
2019;06;Q;215
2019;94;J;520
2019;01;K;596
2019;06;P;54
2019;06;H;186
2019;03;P;229
2019;01;E;s
2019;06;I;116
2019;03;K;209
2021;02;H;1278
2019;02;D;144
2019;06;M;168
2019;06;R;27
2019;02;E;57
2020;84;E;1816
2019;03;D;55
2019;93;B;94
2019;01;D;248
2019;06;L;56
2020;01;P;894
2020;01;L;1661
2020;03;Q;858
2021;06;H;175
2020;06;F;283
2020;02;P;624
2020;01;R;469
2020;06;N;126
2020;04;B;22
2020;94;J;574
2020;03;L;443
2020;04;E;148
2020;06;C;132
2020;01;J;526
2020;02;Q;3178
2020;02;L;1332
2020;94;D;126
2020;52;B;295
2020;01;E;s
2020;03;R;122
2020;03;H;432
2020;27;D;1314
2020;03;J;158
2020;06;H;178
2021;04;J;1290
2020;28;E;691
2020;02;R;417
2020;06;G;410
2020;06;S;36
2020;06;Q;229
2020;03;K;238
2020;06;M;186
2020;94;E;85
2020;06;I;130
2020;04;D;1270
2020;11;B;149
2021;03;L;473
2020;01;D;261
2020;53;B;72
2020;03;B;105
2020;03;E;42
2020;75;B;192
2021;03;R;165
2021;44;E;1675
2021;52;E;834
2021;02;K;979
2021;03;S;363
2021;03;J;209
2021;01;L;1814
2021;06;J;49
2021;03;H;511
2021;03;K;276
2021;75;E;1279
2021;03;I;721
2021;06;N;159
2021;04;E;158
2021;94;J;642
2021;94;E;98
2021;02;R;483
2021;01;J;637
2021;53;B;73
2021;06;F;316
2021;06;G;424
2021;06;M;194
2021;06;C;146
2021;02;E;76
2021;06;Q;255
2021;06;I;128
2021;01;E;114
2021;94;D;146
2021;52;B;306
2021;44;B;148
2021;06;E;18
2021;75;B;192
2021;76;B;194
2021;01;D;264
2021;84;B;201
2021;03;B;112
2021;03;D;60
2021;04;D;1273
2021;03;E;45
2021;06;R;38
2021;06;K;36
2016;27;B;120
2017;27;B;117
2018;27;B;112
2019;27;B;106
2020;27;B;108
2021;27;B;108
2017;06;C;127
2018;06;C;146
2017;06;H;179
2020;06;L;60
2021;06;L;63
2017;06;S;37
2021;06;S;34
2018;06;P;57
2020;06;P;50
2021;06;P;55
2020;06;J;46
2014;53;B;79
2015;53;B;79
2016;53;B;71
2017;53;B;72
2019;53;B;73
2017;75;B;211
2019;75;B;198
2017;06;K;34
2019;06;K;30
2020;06;K;32
2017;06;E;s
2018;06;E;s
2019;06;E;s
2020;06;E;s
2015;84;B;234
2016;84;B;230
2019;84;B;211
2020;84;B;204
2014;93;B;99
2015;93;B;96
2016;93;B;93
2017;93;B;94
2020;93;B;93
2021;93;B;96
2020;06;R;30
2014;28;B;63
2018;28;B;61
2019;28;B;62
2020;28;B;61
2021;28;B;58
2015;44;B;165
2017;06;B;s
2018;06;B;s
2019;06;B;s
2020;06;B;s
2021;06;B;3
2014;24;B;51
2015;24;B;56
2016;24;B;53
2018;24;B;53
2019;24;B;53
2020;24;B;54
2021;24;B;59
2014;94;B;14
2015;94;B;15
2016;94;B;16
2017;94;B;14
2019;94;B;14
2020;94;B;17
2021;94;B;18
2016;11;B;218
2016;76;B;220
2020;76;B;202
2016;44;B;156
2017;44;B;154
2018;44;B;159
2014;32;B;83
2016;32;B;77
2018;32;B;74
2019;32;B;76
2020;32;B;75
2021;32;B;78
2020;44;B;150
2014;02;D;164
2015;02;D;188
2016;02;D;173
2020;02;D;149
2021;02;D;150
2018;03;E;43
2019;03;E;43
2017;03;R;103
2015;01;D;197
2014;03;B;85
2014;02;B;15
2016;02;B;16
2017;02;B;15
2018;02;B;14
2019;02;B;14
2020;02;B;13
2021;02;B;13
2016;04;D;1455
2019;04;D;1276
2016;94;D;80
2019;94;D;110
2014;01;B;11
2015;01;B;9
2017;01;B;s
2018;01;B;s
2019;01;B;s
2020;01;B;s
2021;01;B;10
2014;04;B;16
2015;04;B;20
2016;04;B;21
2019;04;B;20
2021;04;B;22
2017;01;E;s
2014;03;D;40
2015;03;D;47
2020;03;D;58
2016;03;D;50
2017;06;D;16
2018;06;D;18
2019;06;D;16
2020;06;D;16
2021;06;D;19
2014;06;B;nd
2015;06;B;nd
2016;06;B;nd
2014;06;C;nd
2015;06;C;nd
2016;06;C;nd
2014;06;D;nd
2015;06;D;nd
2016;06;D;nd
2014;06;E;nd
2015;06;E;nd
2016;06;E;nd
2014;06;F;nd
2015;06;F;nd
2016;06;F;nd
2014;06;G;nd
2015;06;G;nd
2016;06;G;nd
2014;06;H;nd
2015;06;H;nd
2016;06;H;nd
2014;06;I;nd
2015;06;I;nd
2016;06;I;nd
2014;06;J;nd
2015;06;J;nd
2016;06;J;nd
2014;06;K;nd
2015;06;K;nd
2016;06;K;nd
2014;06;L;nd
2015;06;L;nd
2016;06;L;nd
2014;06;M;nd
2015;06;M;nd
2016;06;M;nd
2014;06;N;nd
2015;06;N;nd
2016;06;N;nd
2014;06;P;nd
2015;06;P;nd
2016;06;P;nd
2014;06;Q;nd
2015;06;Q;nd
2016;06;Q;nd
2014;06;R;nd
2015;06;R;nd
2016;06;R;nd
2014;06;S;nd
2015;06;S;nd
2016;06;S;nd
2015;93;TOT;394823
2016;52;TOT;198429
2015;28;TOT;154988
2020;27;TOT;166206
2015;53;TOT;181021
2014;75;TOT;360005
2018;75;TOT;414624
2015;94;TOT;28724
2014;84;TOT;500404
2016;93;TOT;404327
2020;84;TOT;631574
2014;93;TOT;383697
2014;52;TOT;187410
2019;93;TOT;462357
2017;84;TOT;540599
2016;53;TOT;185097
2018;28;TOT;166830
2017;32;TOT;256958
2016;76;TOT;402529
2016;24;TOT;127087
2019;76;TOT;459557
2014;24;TOT;122795
2017;76;TOT;412398
2016;44;TOT;273235
2014;28;TOT;151700
2014;32;TOT;241597
2014;44;TOT;263730
2014;76;TOT;381787
2015;75;TOT;369961
2016;11;TOT;906695
2017;11;TOT;934377
2017;75;TOT;389792
2018;76;TOT;436971
2018;84;TOT;573831
2018;27;TOT;154941
2018;24;TOT;134958
2019;53;TOT;209328
2019;28;TOT;174664
2019;84;TOT;604545
2019;52;TOT;226674
2020;44;TOT;314745
2020;53;TOT;217155
2020;76;TOT;478270
2020;32;TOT;295996
2020;11;TOT;1118335
2021;28;TOT;196157
2021;53;TOT;234609
2021;32;TOT;320961
2021;76;TOT;517179
2021;24;TOT;156829
2017;53;TOT;188974
2015;76;TOT;392861
2018;53;TOT;198927
2014;11;TOT;848578
2016;84;TOT;527649
2018;11;TOT;997207
2014;27;TOT;141628
2015;84;TOT;514911
2017;52;TOT;203767
2019;32;TOT;283651
2019;27;TOT;160879
2017;44;TOT;277573
2015;24;TOT;125319
2016;27;TOT;146002
2018;93;TOT;437380
2014;53;TOT;176420
2015;27;TOT;144434
2020;93;TOT;482102
2019;75;TOT;436444
2018;52;TOT;214395
2021;27;TOT;178253
2021;11;TOT;1204323
2019;44;TOT;302908
2016;75;TOT;379574
2016;32;TOT;251952
2015;11;TOT;877956
2018;44;TOT;290972
2017;93;TOT;413341
2017;27;TOT;148366
2021;75;TOT;494052
2018;32;TOT;270314
2021;44;TOT;338492
2017;28;TOT;159746
2020;94;TOT;35489
2018;01;TOT;23979
2015;44;TOT;269192
2020;75;TOT;455177
2014;94;TOT;27495
2021;93;TOT;522762
2020;28;TOT;181518
2015;32;TOT;248182
2015;52;TOT;193307
2019;11;TOT;1062722
2016;28;TOT;157043
2021;52;TOT;256711
2020;52;TOT;236920
2017;94;TOT;30711
2020;24;TOT;145886
2021;84;TOT;679395
2017;24;TOT;128997
2019;24;TOT;140018
2018;04;TOT;44342
2021;02;TOT;38859
2021;94;TOT;38660
2016;02;TOT;30652
2015;02;TOT;29298
2020;03;TOT;9247
2014;01;TOT;21149
2018;94;TOT;32566
2021;04;TOT;57052
2016;01;TOT;23209
2014;04;TOT;38634
2021;03;TOT;10408
2020;04;TOT;50307
2016;94;TOT;29760
2020;02;TOT;34559
2017;04;TOT;42714
2016;04;TOT;42136
2015;04;TOT;40042
2019;04;TOT;46009
2015;01;TOT;22225
2018;02;TOT;31905
2020;01;TOT;27709
2019;94;TOT;34296
2017;02;TOT;31234
2014;02;TOT;27866
2014;03;TOT;7153
2017;03;TOT;8128
2021;01;TOT;30965
2019;03;TOT;8765
2016;03;TOT;8203
2017;01;TOT;23349
2019;01;TOT;25412
2015;03;TOT;7683
2018;03;TOT;8321
2019;02;TOT;32475
2017;06;TOT;1714
2018;06;TOT;2010
2019;06;TOT;1923
2021;06;TOT;2112
2020;06;TOT;1961
2014;06;TOT;nd
2015;06;TOT;nd
2016;06;TOT;nd
2015;FR;L;296325
2016;FR;G;692414
2015;FR;R;139507
2020;FR;M;632666
2014;FR;L;297046
2018;FR;L;311815
2015;FR;C;215332
2014;FR;G;677513
2020;FR;F;567070
2014;FR;S;218701
2019;FR;J;164331
2017;FR;C;218413
2016;FR;L;298487
2018;FR;J;151528
2017;FR;S;227958
2019;FR;M;596893
2014;FR;F;503419
2017;FR;G;692015
2014;FR;E;12601
2015;FR;E;12792
2016;FR;E;12801
2017;FR;E;12580
2018;FR;E;12737
2019;FR;E;12827
2020;FR;E;13110
2021;FR;E;13913
2021;FR;F;604062
2015;FR;N;188783
2015;FR;M;461040
2018;FR;M;553623
2014;FR;C;212846
2014;FR;M;439199
2018;FR;G;709722
2018;FR;F;526028
2016;FR;Q;469083
2016;FR;I;259717
2015;FR;G;688406
2016;FR;F;507794
2017;FR;N;206171
2018;FR;I;270414
2017;FR;L;302413
2021;FR;N;294297
2019;FR;F;545353
2019;FR;G;724874
2017;FR;M;504696
2015;FR;F;507134
2018;FR;P;167789
2020;FR;N;263537
2014;FR;P;130948
2016;FR;M;481010
2014;FR;N;180624
2019;FR;N;243169
2021;FR;C;267366
2014;FR;D;22440
2014;FR;Q;431724
2019;FR;R;167481
2014;FR;I;246879
2019;FR;I;279888
2021;FR;D;38604
2015;FR;S;222468
2021;FR;G;778775
2019;FR;S;264383
2020;FR;G;740536
2015;FR;H;102386
2018;FR;K;190639
2015;FR;I;253886
2021;FR;R;180878
2018;FR;S;244699
2020;FR;S;280937
2018;FR;C;225471
2017;FR;R;148455
2020;FR;C;246476
2018;FR;N;224300
2019;FR;C;235296
2016;FR;P;145871
2019;FR;L;320298
2016;FR;S;224189
2016;FR;R;144209
2014;FR;H;96587
2014;FR;R;136966
2016;FR;C;216555
2017;FR;D;30036
2020;FR;Q;549645
2017;FR;F;510103
2021;FR;M;701291
2020;FR;P;186118
2017;FR;P;151935
2015;FR;Q;450793
2015;FR;P;139147
2017;FR;J;138114
2021;FR;P;206620
2017;FR;I;263091
2021;FR;L;348494
2020;FR;R;166962
2016;FR;D;27655
2019;FR;P;179177
2016;FR;N;197283
2020;FR;I;284964
2020;FR;L;330280
2021;FR;S;317261
2018;FR;H;139586
2019;FR;H;164595
2020;FR;D;35900
2019;FR;K;203965
2021;FR;Q;569387
2017;FR;H;119343
2014;FR;J;121563
2018;FR;R;157437
2019;FR;Q;534312
2016;FR;K;171042
2017;FR;K;179938
2017;FR;Q;485589
2016;FR;J;131944
2018;FR;D;32291
2021;FR;I;294869
2018;FR;Q;514558
2019;FR;D;33959
2015;FR;K;162398
2016;FR;H;111652
2015;FR;D;25695
2021;FR;H;222752
2021;FR;K;237199
2021;FR;J;200167
2020;FR;J;178359
2020;FR;H;186621
2014;FR;K;151052
2020;FR;K;218152
2015;FR;J;126895
2015;FR;B;1940
2014;FR;B;1940
2018;FR;B;1836
2019;FR;B;1826
2021;FR;B;1844
2016;FR;B;1873
2017;FR;B;1888
2020;FR;B;1823
2015;FR;TOT;3994927
2016;FR;TOT;4093579
2020;FR;TOT;4883156
2014;FR;TOT;3882048
2018;FR;TOT;4434473
2019;FR;TOT;4672627
2017;FR;TOT;4192738
2021;FR;TOT;5277779
